{
  "ID": 2682049997.0742188,
  "loc": 8335164142.7578125,
  "title": 40876272349.50781,
  "bedroom": 42123679739.12891,
  "bathroom": 2578777809.5898438,
  "parking_space": 958852781.3632812,
  "zone": 17401612405.23047,
  "rooms": 2128545936.8867188,
  "bathroom_ratio": 286235211.29296875
}