{
  "ID": 3695841567.3500977,
  "loc": 9262986017.043945,
  "title": 41579848476.91553,
  "bedroom": 42445960348.8042,
  "bathroom": 2856762499.3359375,
  "parking_space": 1222667335.8813477,
  "zone": 17637483443.145508,
  "rooms": 2333650655.6347656,
  "bathroom_ratio": 581355579.9628906
}