{
  "ID": 109464499.58984375,
  "loc": 260881395.36816406,
  "title": 1191363950.7763672,
  "bedroom": 1207603997.4121094,
  "bathroom": 74805670.52148438,
  "parking_space": 34064166.49511719,
  "zone": 502420556.1298828,
  "rooms": 72524753.27929688,
  "bathroom_ratio": 18906125.599609375
}