{
  "ID": 148029157.90039062,
  "loc": 457467493.90234375,
  "title": 2052129412.1855469,
  "bedroom": 2110322362.4003906,
  "bathroom": 119541995.20410156,
  "parking_space": 53780467.095703125,
  "zone": 876401650.5175781,
  "rooms": 109353727.69726562,
  "bathroom_ratio": 20888856.794921875
}