{
  "ID": 154735693.31445312,
  "loc": 448242618.4980469,
  "title": 2080286294.8671875,
  "bedroom": 2131996029.4960938,
  "bathroom": 124946845.40820312,
  "parking_space": 47461540.916015625,
  "zone": 884816968.4960938,
  "rooms": 92654288.703125,
  "bathroom_ratio": 19744806.99609375
}